,Unnamed: 0,Factor,fraction_individual,fraction_total
0,0,$F_{Dist}$,0.011287659728240106,0.011287659728240106
1,1,$F_{Dist}$,0.0053051033719005115,0.0053051033719005115
2,2,$F_{Dist}$,0.047974183786776016,0.047974183786776016
3,3,$F_{Dist}$,0.029089851302339362,0.029089851302339362
4,4,$F_{Dist}$,0.07072337862950466,0.07072337862950466
5,5,$F_{Dist}$,0.03483408915740613,0.03483408915740613
6,6,$F_{Dist}$,0.06322224174631899,0.06322224174631899
7,7,$F_{Dist}$,0.0061195905205092644,0.0061195905205092644
8,8,$F_{Dist}$,0.018234333588528055,0.018234333588528055
9,9,$F_{Dist}$,0.0051473533867121436,0.0051473533867121436
10,10,$F_{Dist}$,0.025661026847818867,0.025661026847818867
11,11,$F_{Dist}$,0.049735345576721546,0.049735345576721546
12,12,$F_{Dist}$,0.01788010656655509,0.01788010656655509
13,13,$F_{Dist}$,0.012681656371445277,0.012681656371445277
14,14,$F_{Dist}$,0.03630553696831569,0.03630553696831569
15,15,$F_{Dist}$,0.0368411457752645,0.0368411457752645
16,16,$F_{Dist}$,0.0040117490544676416,0.0040117490544676416
17,17,$F_{Dist}$,0.005153194949995239,0.005153194949995239
18,18,$F_{Dist}$,0.005186982613246673,0.005186982613246673
19,19,$F_{Dist}$,0.03104376876806922,0.03104376876806922
20,20,$F_{Dist}$,0.0990537025377766,0.0990537025377766
21,21,$F_{Dist}$,0.005004833227989828,0.005004833227989828
22,22,$F_{Dist}$,0.020515978306308413,0.020515978306308413
23,23,$F_{Dist}$,0.013549172341003463,0.013549172341003463
24,24,$F_{Dist}$,0.011547528566365142,0.011547528566365142
25,25,$F_{Dist}$,0.024017488958132587,0.024017488958132587
26,26,$F_{Dist}$,0.003360785021036421,0.003360785021036421
27,27,$F_{Dist}$,0.006284670002594395,0.006284670002594395
28,28,$F_{Dist}$,0.02766441943316115,0.02766441943316115
29,29,$F_{Dist}$,0.030755078532864213,0.030755078532864213
30,30,$F_{Dist}$,0.03760768324683531,0.03760768324683531
31,31,$F_{Dist}$,0.029229788331417175,0.029229788331417175
32,32,$F_{Dist}$,0.05853362923585648,0.05853362923585648
33,33,$F_{Dist}$,0.04019014454744738,0.04019014454744738
34,34,$F_{Dist}$,0.01838266587489775,0.01838266587489775
35,35,$F_{Dist}$,0.00445376104142525,0.00445376104142525
36,36,$F_{Dist}$,0.05002064660838573,0.05002064660838573
37,37,$F_{Dist}$,0.014244736632038813,0.014244736632038813
38,38,$F_{Dist}$,0.038582355458478726,0.038582355458478726
39,39,$F_{Dist}$,0.00445024116402082,0.00445024116402082
40,40,$F_{Dist}$,0.014394671595268641,0.014394671595268641
41,41,$F_{Dist}$,0.04435368503962783,0.04435368503962783
42,42,$F_{Dist}$,0.04060851952299819,0.04060851952299819
43,43,$F_{Dist}$,0.02825887872769552,0.02825887872769552
44,44,$F_{Dist}$,0.008098673449832006,0.008098673449832006
45,45,$F_{Dist}$,0.004780796365565991,0.004780796365565991
46,46,$F_{Dist}$,0.008238371048232246,0.008238371048232246
47,47,$F_{Dist}$,0.0010325308731064721,0.0010325308731064721
48,48,$F_{Dist}$,0.016889257534282963,0.016889257534282963
49,49,$F_{Dist}$,0.0029064928071004747,0.0029064928071004747
50,50,$F_{Dist}$,0.005931315021567853,0.005931315021567853
51,51,$F_{Dist}$,0.01129584613566188,0.01129584613566188
52,52,$F_{Dist}$,0.05876588085494384,0.05876588085494384
53,53,$F_{Dist}$,0.09194405272617336,0.09194405272617336
54,54,$F_{Dist}$,0.03948579906178401,0.03948579906178401
55,55,$F_{Dist}$,0.017936456450231612,0.017936456450231612
56,56,$F_{Dist}$,0.022441589849115203,0.022441589849115203
57,57,$F_{Dist}$,0.07178094140455242,0.07178094140455242
58,58,$F_{Dist}$,0.11112174409896304,0.11112174409896304
59,59,$F_{Dist}$,0.005778742977966179,0.005778742977966179
60,60,$F_{Dist}$,0.003838986014501279,0.003838986014501279
61,61,$F_{Dist}$,0.005372480061758693,0.005372480061758693
62,62,$F_{Dist}$,0.0041292876591414035,0.0041292876591414035
63,63,$F_{Dist}$,0.0239915259237496,0.0239915259237496
64,64,$F_{Dist}$,0.05607212311240637,0.05607212311240637
65,65,$F_{Dist}$,0.006231383630193458,0.006231383630193458
66,66,$F_{Dist}$,0.08687515029004299,0.08687515029004299
67,67,$F_{Dist}$,0.06567283994522971,0.06567283994522971
68,68,$F_{Dist}$,0.0731193264850458,0.0731193264850458
69,69,$F_{Dist}$,0.01204780860504031,0.01204780860504031
70,70,$F_{Dist}$,0.006910458907512639,0.006910458907512639
71,71,$F_{Dist}$,0.01784260164722306,0.01784260164722306
72,72,$F_{Dist}$,0.002180837551090611,0.002180837551090611
73,73,$F_{Dist}$,0.021378827226341032,0.021378827226341032
74,74,$F_{Dist}$,0.014003137276715193,0.014003137276715193
75,75,$F_{Dist}$,0.02435291434706509,0.02435291434706509
76,76,$F_{Dist}$,0.04287656920159935,0.04287656920159935
77,77,$F_{Dist}$,0.01788141862975261,0.01788141862975261
78,78,$F_{Dist}$,0.03752888189953668,0.03752888189953668
79,79,$F_{Dist}$,0.022713656664839568,0.022713656664839568
80,80,$F_{Dist}$,0.09620376172541513,0.09620376172541513
81,81,$F_{Dist}$,0.06758443885976424,0.06758443885976424
82,82,$F_{Dist}$,0.0091030190546502,0.0091030190546502
83,83,$F_{Dist}$,0.04731762144673896,0.04731762144673896
84,84,$F_{Dist}$,0.0040143371478333955,0.0040143371478333955
85,85,$F_{Dist}$,0.035465910393945324,0.035465910393945324
86,86,$F_{Dist}$,0.05100089649511698,0.05100089649511698
87,87,$F_{Dist}$,0.009189292125472556,0.009189292125472556
88,88,$F_{Dist}$,0.003801322504022604,0.003801322504022604
89,89,$F_{Dist}$,0.02075235116475219,0.02075235116475219
90,90,$F_{Dist}$,0.03870167862220559,0.03870167862220559
91,91,$F_{Dist}$,0.02534592079942786,0.02534592079942786
92,92,$F_{Dist}$,0.004792341681447721,0.004792341681447721
93,93,$F_{Dist}$,0.031929712577304974,0.031929712577304974
94,94,$F_{Dist}$,0.03109701846186492,0.03109701846186492
95,95,$F_{Dist}$,0.02859269690233379,0.02859269690233379
96,96,$F_{Dist}$,0.02010558003500484,0.02010558003500484
97,97,$F_{Dist}$,0.0577708377603554,0.0577708377603554
98,98,$F_{Dist}$,0.04236032652851024,0.04236032652851024
99,99,$F_{Dist}$,0.001068235761714777,0.001068235761714777
100,0,$F_{Dry}$,0.001147817087718474,0.001147817087718474
101,1,$F_{Dry}$,0.0032620484995733315,0.0032620484995733315
102,2,$F_{Dry}$,0.011065271477367676,0.011065271477367676
103,3,$F_{Dry}$,0.046114741111905916,0.046114741111905916
104,4,$F_{Dry}$,0.02736237788999944,0.02736237788999944
105,5,$F_{Dry}$,0.05842662791691833,0.05842662791691833
106,6,$F_{Dry}$,0.002683682083182066,0.002683682083182066
107,7,$F_{Dry}$,0.002414484381747625,0.002414484381747625
108,8,$F_{Dry}$,0.003039780231002633,0.003039780231002633
109,9,$F_{Dry}$,0.005105895843818341,0.005105895843818341
110,10,$F_{Dry}$,0.009742475653292929,0.009742475653292929
111,11,$F_{Dry}$,0.011854590475168484,0.011854590475168484
112,12,$F_{Dry}$,0.005166389339183001,0.005166389339183001
113,13,$F_{Dry}$,0.0099560707668839,0.0099560707668839
114,14,$F_{Dry}$,0.0032461059886554696,0.0032461059886554696
115,15,$F_{Dry}$,0.013588771520528238,0.013588771520528238
116,16,$F_{Dry}$,0.005801360372163513,0.005801360372163513
117,17,$F_{Dry}$,0.041231879857725764,0.041231879857725764
118,18,$F_{Dry}$,0.016924584792315102,0.016924584792315102
119,19,$F_{Dry}$,0.013715932244300318,0.013715932244300318
120,20,$F_{Dry}$,0.012811612437124946,0.012811612437124946
121,21,$F_{Dry}$,0.00500144684895446,0.00500144684895446
122,22,$F_{Dry}$,0.04317103752979143,0.04317103752979143
123,23,$F_{Dry}$,0.003760483904886408,0.003760483904886408
124,24,$F_{Dry}$,0.005580901469576229,0.005580901469576229
125,25,$F_{Dry}$,0.014901675512568753,0.014901675512568753
126,26,$F_{Dry}$,0.016560435914983827,0.016560435914983827
127,27,$F_{Dry}$,0.007123264262693703,0.007123264262693703
128,28,$F_{Dry}$,0.0014236916249144307,0.0014236916249144307
129,29,$F_{Dry}$,0.0012088647701321991,0.0012088647701321991
130,30,$F_{Dry}$,0.0007409001274670856,0.0007409001274670856
131,31,$F_{Dry}$,0.0131021410770203,0.0131021410770203
132,32,$F_{Dry}$,0.005507347914921155,0.005507347914921155
133,33,$F_{Dry}$,0.0141310601121143,0.0141310601121143
134,34,$F_{Dry}$,0.02074791347310656,0.02074791347310656
135,35,$F_{Dry}$,0.03140084398552247,0.03140084398552247
136,36,$F_{Dry}$,0.019927698408029985,0.019927698408029985
137,37,$F_{Dry}$,0.0006133517891416247,0.0006133517891416247
138,38,$F_{Dry}$,0.009361573378277765,0.009361573378277765
139,39,$F_{Dry}$,0.0005644144934242192,0.0005644144934242192
140,40,$F_{Dry}$,0.007116169546250315,0.007116169546250315
141,41,$F_{Dry}$,0.03684485783873583,0.03684485783873583
142,42,$F_{Dry}$,0.004467572673338811,0.004467572673338811
143,43,$F_{Dry}$,0.0010450240307782307,0.0010450240307782307
144,44,$F_{Dry}$,0.004540333886001093,0.004540333886001093
145,45,$F_{Dry}$,0.011141356768150937,0.011141356768150937
146,46,$F_{Dry}$,0.0038804721546227623,0.0038804721546227623
147,47,$F_{Dry}$,0.009069459436078151,0.009069459436078151
148,48,$F_{Dry}$,0.017437519083822618,0.017437519083822618
149,49,$F_{Dry}$,0.033894490334992686,0.033894490334992686
150,50,$F_{Dry}$,0.002479285686421848,0.002479285686421848
151,51,$F_{Dry}$,0.012281740468101428,0.012281740468101428
152,52,$F_{Dry}$,0.002354903033782497,0.002354903033782497
153,53,$F_{Dry}$,0.01604331693958454,0.01604331693958454
154,54,$F_{Dry}$,0.003439064231094803,0.003439064231094803
155,55,$F_{Dry}$,0.004423992859310153,0.004423992859310153
156,56,$F_{Dry}$,0.008220996135008648,0.008220996135008648
157,57,$F_{Dry}$,0.019823478935872496,0.019823478935872496
158,58,$F_{Dry}$,0.009405278057041822,0.009405278057041822
159,59,$F_{Dry}$,0.0013282195735904436,0.0013282195735904436
160,60,$F_{Dry}$,0.009819138539214551,0.009819138539214551
161,61,$F_{Dry}$,0.00490582452642585,0.00490582452642585
162,62,$F_{Dry}$,0.002551848787456073,0.002551848787456073
163,63,$F_{Dry}$,0.009919922482452593,0.009919922482452593
164,64,$F_{Dry}$,0.00671502613740369,0.00671502613740369
165,65,$F_{Dry}$,0.007621620973488819,0.007621620973488819
166,66,$F_{Dry}$,0.0217109100410321,0.0217109100410321
167,67,$F_{Dry}$,0.024857389741671652,0.024857389741671652
168,68,$F_{Dry}$,0.001066514690478548,0.001066514690478548
169,69,$F_{Dry}$,0.0266512363098364,0.0266512363098364
170,70,$F_{Dry}$,0.006515500979935929,0.006515500979935929
171,71,$F_{Dry}$,0.0029999556210828487,0.0029999556210828487
172,72,$F_{Dry}$,0.0039579954998690365,0.0039579954998690365
173,73,$F_{Dry}$,0.01327799740658239,0.01327799740658239
174,74,$F_{Dry}$,0.0040168342756858365,0.0040168342756858365
175,75,$F_{Dry}$,0.0065650679399313116,0.0065650679399313116
176,76,$F_{Dry}$,0.021550464557002984,0.021550464557002984
177,77,$F_{Dry}$,0.004417938420666397,0.004417938420666397
178,78,$F_{Dry}$,0.0014093575235457276,0.0014093575235457276
179,79,$F_{Dry}$,0.008336953435808642,0.008336953435808642
180,80,$F_{Dry}$,0.017896871009442525,0.017896871009442525
181,81,$F_{Dry}$,0.00835470461106319,0.00835470461106319
182,82,$F_{Dry}$,0.010577479712705841,0.010577479712705841
183,83,$F_{Dry}$,0.020082408240627583,0.020082408240627583
184,84,$F_{Dry}$,0.01246906884768293,0.01246906884768293
185,85,$F_{Dry}$,0.0066838922051541535,0.0066838922051541535
186,86,$F_{Dry}$,0.0075468360951613765,0.0075468360951613765
187,87,$F_{Dry}$,0.06807962059736825,0.06807962059736825
188,88,$F_{Dry}$,0.02335877294552612,0.02335877294552612
189,89,$F_{Dry}$,0.02404489849874381,0.02404489849874381
190,90,$F_{Dry}$,0.003395909678772522,0.003395909678772522
191,91,$F_{Dry}$,0.0018073427508846925,0.0018073427508846925
192,92,$F_{Dry}$,0.013784453985916632,0.013784453985916632
193,93,$F_{Dry}$,0.0213346716750571,0.0213346716750571
194,94,$F_{Dry}$,0.001186083955885181,0.001186083955885181
195,95,$F_{Dry}$,0.01097878154897118,0.01097878154897118
196,96,$F_{Dry}$,0.008138565619300339,0.008138565619300339
197,97,$F_{Dry}$,0.008544530862427487,0.008544530862427487
198,98,$F_{Dry}$,0.02498726693494068,0.02498726693494068
199,99,$F_{Dry}$,0.018120763156434558,0.018120763156434558
200,0,$F_{Qual}$,0.16179269595201076,0.16179269595201076
201,1,$F_{Qual}$,0.06900842161336486,0.06900842161336486
202,2,$F_{Qual}$,0.0530413407647434,0.0530413407647434
203,3,$F_{Qual}$,0.00033934154289082805,0.00033934154289082805
204,4,$F_{Qual}$,0.019929251437352483,0.019929251437352483
205,5,$F_{Qual}$,0.04080005416341876,0.04080005416341876
206,6,$F_{Qual}$,0.005814549061696714,0.005814549061696714
207,7,$F_{Qual}$,0.036041490191267386,0.036041490191267386
208,8,$F_{Qual}$,0.03726151240395528,0.03726151240395528
209,9,$F_{Qual}$,0.061800090100582274,0.061800090100582274
210,10,$F_{Qual}$,0.10404541850558846,0.10404541850558846
211,11,$F_{Qual}$,0.05367618442085968,0.05367618442085968
212,12,$F_{Qual}$,0.02036953655250236,0.02036953655250236
213,13,$F_{Qual}$,0.06363909759323952,0.06363909759323952
214,14,$F_{Qual}$,0.013249752905069809,0.013249752905069809
215,15,$F_{Qual}$,0.14213946277131093,0.14213946277131093
216,16,$F_{Qual}$,0.030003359874259942,0.030003359874259942
217,17,$F_{Qual}$,0.05916688601537465,0.05916688601537465
218,18,$F_{Qual}$,0.08374370818957705,0.08374370818957705
219,19,$F_{Qual}$,0.12148623829640508,0.12148623829640508
220,20,$F_{Qual}$,0.04769648044730785,0.04769648044730785
221,21,$F_{Qual}$,0.01152939054323109,0.01152939054323109
222,22,$F_{Qual}$,0.021797463778637474,0.021797463778637474
223,23,$F_{Qual}$,0.0349123776851035,0.0349123776851035
224,24,$F_{Qual}$,0.07427348909430727,0.07427348909430727
225,25,$F_{Qual}$,0.043853813751028384,0.043853813751028384
226,26,$F_{Qual}$,0.08165863738502496,0.08165863738502496
227,27,$F_{Qual}$,0.10842832622590956,0.10842832622590956
228,28,$F_{Qual}$,0.018584825574789538,0.018584825574789538
229,29,$F_{Qual}$,0.07612333613379432,0.07612333613379432
230,30,$F_{Qual}$,0.05164645454962576,0.05164645454962576
231,31,$F_{Qual}$,0.011087088042731284,0.011087088042731284
232,32,$F_{Qual}$,0.09529458689721064,0.09529458689721064
233,33,$F_{Qual}$,0.03292414078661415,0.03292414078661415
234,34,$F_{Qual}$,0.012419053920041136,0.012419053920041136
235,35,$F_{Qual}$,0.11366255326632355,0.11366255326632355
236,36,$F_{Qual}$,0.024015050974388892,0.024015050974388892
237,37,$F_{Qual}$,0.0262908485883305,0.0262908485883305
238,38,$F_{Qual}$,0.0047129940163459965,0.0047129940163459965
239,39,$F_{Qual}$,0.1694268394487964,0.1694268394487964
240,40,$F_{Qual}$,0.1229559829011621,0.1229559829011621
241,41,$F_{Qual}$,0.03207331974460035,0.03207331974460035
242,42,$F_{Qual}$,0.030092113675591895,0.030092113675591895
243,43,$F_{Qual}$,0.02182481179541709,0.02182481179541709
244,44,$F_{Qual}$,0.014601673305587213,0.014601673305587213
245,45,$F_{Qual}$,0.03545506370299111,0.03545506370299111
246,46,$F_{Qual}$,0.19149855799337415,0.19149855799337415
247,47,$F_{Qual}$,0.1620068110832589,0.1620068110832589
248,48,$F_{Qual}$,0.05158677385404399,0.05158677385404399
249,49,$F_{Qual}$,0.18228912134111472,0.18228912134111472
250,50,$F_{Qual}$,0.03298821611755658,0.03298821611755658
251,51,$F_{Qual}$,0.05708907117587673,0.05708907117587673
252,52,$F_{Qual}$,0.02470652154221425,0.02470652154221425
253,53,$F_{Qual}$,0.02045861702960096,0.02045861702960096
254,54,$F_{Qual}$,0.05040749972056514,0.05040749972056514
255,55,$F_{Qual}$,0.12053477520454585,0.12053477520454585
256,56,$F_{Qual}$,0.10204038476284996,0.10204038476284996
257,57,$F_{Qual}$,0.058997938197746874,0.058997938197746874
258,58,$F_{Qual}$,0.08285507425797073,0.08285507425797073
259,59,$F_{Qual}$,0.09499143416747152,0.09499143416747152
260,60,$F_{Qual}$,0.16538560701412486,0.16538560701412486
261,61,$F_{Qual}$,0.017646735644221763,0.017646735644221763
262,62,$F_{Qual}$,0.1765672352419986,0.1765672352419986
263,63,$F_{Qual}$,0.05559206960943088,0.05559206960943088
264,64,$F_{Qual}$,0.028443328320297164,0.028443328320297164
265,65,$F_{Qual}$,0.02969809064231607,0.02969809064231607
266,66,$F_{Qual}$,0.01324640730157111,0.01324640730157111
267,67,$F_{Qual}$,0.03339631810202805,0.03339631810202805
268,68,$F_{Qual}$,0.10173982754352724,0.10173982754352724
269,69,$F_{Qual}$,0.04331417077943787,0.04331417077943787
270,70,$F_{Qual}$,0.15038768816296325,0.15038768816296325
271,71,$F_{Qual}$,0.05446730892652489,0.05446730892652489
272,72,$F_{Qual}$,0.09362947464945008,0.09362947464945008
273,73,$F_{Qual}$,0.06963344060603943,0.06963344060603943
274,74,$F_{Qual}$,0.152261656345059,0.152261656345059
275,75,$F_{Qual}$,0.04825903483282127,0.04825903483282127
276,76,$F_{Qual}$,0.0025385620613894828,0.0025385620613894828
277,77,$F_{Qual}$,0.1475603316118598,0.1475603316118598
278,78,$F_{Qual}$,0.12611677976157798,0.12611677976157798
279,79,$F_{Qual}$,0.03208739652328922,0.03208739652328922
280,80,$F_{Qual}$,0.002092760953579759,0.002092760953579759
281,81,$F_{Qual}$,0.009530075840218978,0.009530075840218978
282,82,$F_{Qual}$,0.06515841377449406,0.06515841377449406
283,83,$F_{Qual}$,0.012637649101038902,0.012637649101038902
284,84,$F_{Qual}$,0.05855710218108263,0.05855710218108263
285,85,$F_{Qual}$,0.08173985003927799,0.08173985003927799
286,86,$F_{Qual}$,0.07530611555872932,0.07530611555872932
287,87,$F_{Qual}$,0.01963212452349563,0.01963212452349563
288,88,$F_{Qual}$,0.1587487942726072,0.1587487942726072
289,89,$F_{Qual}$,0.1540687669819197,0.1540687669819197
290,90,$F_{Qual}$,0.03926242031737888,0.03926242031737888
291,91,$F_{Qual}$,0.09459556220688917,0.09459556220688917
292,92,$F_{Qual}$,0.057761121685890066,0.057761121685890066
293,93,$F_{Qual}$,0.0321305459878079,0.0321305459878079
294,94,$F_{Qual}$,0.11395284238336607,0.11395284238336607
295,95,$F_{Qual}$,0.044467451436686914,0.044467451436686914
296,96,$F_{Qual}$,0.04237344030247458,0.04237344030247458
297,97,$F_{Qual}$,0.09430719999607699,0.09430719999607699
298,98,$F_{Qual}$,0.02507558371140817,0.02507558371140817
299,99,$F_{Qual}$,0.03910002755533915,0.03910002755533915
300,0,$F_{Water}$,0.0050136268961302535,0.0050136268961302535
301,1,$F_{Water}$,0.0011409026696978107,0.0011409026696978107
302,2,$F_{Water}$,0.036896864504834856,0.036896864504834856
303,3,$F_{Water}$,0.001295519027044341,0.001295519027044341
304,4,$F_{Water}$,0.001031782384391899,0.001031782384391899
305,5,$F_{Water}$,0.0009448538689872543,0.0009448538689872543
306,6,$F_{Water}$,0.0342991679396267,0.0342991679396267
307,7,$F_{Water}$,0.008251713550616784,0.008251713550616784
308,8,$F_{Water}$,0.004536954734026276,0.004536954734026276
309,9,$F_{Water}$,0.00042839481108893415,0.00042839481108893415
310,10,$F_{Water}$,0.0005161775798935137,0.0005161775798935137
311,11,$F_{Water}$,0.0009073923156438292,0.0009073923156438292
312,12,$F_{Water}$,0.03434132628163741,0.03434132628163741
313,13,$F_{Water}$,0.0011726944975567392,0.0011726944975567392
314,14,$F_{Water}$,0.002061177636121874,0.002061177636121874
315,15,$F_{Water}$,0.0004560284512459162,0.0004560284512459162
316,16,$F_{Water}$,0.0027854199356485785,0.0027854199356485785
317,17,$F_{Water}$,0.0006234040964782858,0.0006234040964782858
318,18,$F_{Water}$,0.0008026044882736345,0.0008026044882736345
319,19,$F_{Water}$,0.0006714898889484585,0.0006714898889484585
320,20,$F_{Water}$,0.0020839749718073773,0.0020839749718073773
321,21,$F_{Water}$,0.006378367725537211,0.006378367725537211
322,22,$F_{Water}$,0.0023641831216439217,0.0023641831216439217
323,23,$F_{Water}$,0.00483477674974659,0.00483477674974659
324,24,$F_{Water}$,0.0017237202285912347,0.0017237202285912347
325,25,$F_{Water}$,0.012738046562414541,0.012738046562414541
326,26,$F_{Water}$,0.001030233857637694,0.001030233857637694
327,27,$F_{Water}$,0.0009187115873985887,0.0009187115873985887
328,28,$F_{Water}$,0.032373973998798815,0.032373973998798815
329,29,$F_{Water}$,0.0024334404883964915,0.0024334404883964915
330,30,$F_{Water}$,0.004269681993022197,0.004269681993022197
331,31,$F_{Water}$,0.018046964846316328,0.018046964846316328
332,32,$F_{Water}$,0.002511544852258035,0.002511544852258035
333,33,$F_{Water}$,0.0037437504535070797,0.0037437504535070797
334,34,$F_{Water}$,0.0014951455049560286,0.0014951455049560286
335,35,$F_{Water}$,0.0010447307284455318,0.0010447307284455318
336,36,$F_{Water}$,0.004770353290466994,0.004770353290466994
337,37,$F_{Water}$,0.01014465859063996,0.01014465859063996
338,38,$F_{Water}$,0.00022397373587128476,0.00022397373587128476
339,39,$F_{Water}$,0.0014393917561943846,0.0014393917561943846
340,40,$F_{Water}$,0.0009073763448825732,0.0009073763448825732
341,41,$F_{Water}$,0.00767978286682918,0.00767978286682918
342,42,$F_{Water}$,0.0007132964838527909,0.0007132964838527909
343,43,$F_{Water}$,0.004910588654770882,0.004910588654770882
344,44,$F_{Water}$,0.008914371661920167,0.008914371661920167
345,45,$F_{Water}$,0.002401958421153771,0.002401958421153771
346,46,$F_{Water}$,0.004014613711008377,0.004014613711008377
347,47,$F_{Water}$,0.000102191285914303,0.000102191285914303
348,48,$F_{Water}$,0.005249490483914948,0.005249490483914948
349,49,$F_{Water}$,0.003918796385702232,0.003918796385702232
350,50,$F_{Water}$,0.0006911050591029338,0.0006911050591029338
351,51,$F_{Water}$,0.0009701893674469461,0.0009701893674469461
352,52,$F_{Water}$,0.01579613380076871,0.01579613380076871
353,53,$F_{Water}$,0.001973748491956057,0.001973748491956057
354,54,$F_{Water}$,0.007743623491424991,0.007743623491424991
355,55,$F_{Water}$,0.0015300075348486989,0.0015300075348486989
356,56,$F_{Water}$,0.005781827044946089,0.005781827044946089
357,57,$F_{Water}$,0.009200850887437634,0.009200850887437634
358,58,$F_{Water}$,0.02569805043148051,0.02569805043148051
359,59,$F_{Water}$,0.0009271855578741194,0.0009271855578741194
360,60,$F_{Water}$,0.014118104434549647,0.014118104434549647
361,61,$F_{Water}$,0.005419548369087669,0.005419548369087669
362,62,$F_{Water}$,0.004884979015688906,0.004884979015688906
363,63,$F_{Water}$,0.010140144674982629,0.010140144674982629
364,64,$F_{Water}$,0.015726274825818568,0.015726274825818568
365,65,$F_{Water}$,0.0003857272080901976,0.0003857272080901976
366,66,$F_{Water}$,0.003651669475868204,0.003651669475868204
367,67,$F_{Water}$,0.0031324892946252717,0.0031324892946252717
368,68,$F_{Water}$,0.0017326623752048427,0.0017326623752048427
369,69,$F_{Water}$,0.0023345685498203828,0.0023345685498203828
370,70,$F_{Water}$,0.0011370647735259429,0.0011370647735259429
371,71,$F_{Water}$,0.008750548260950966,0.008750548260950966
372,72,$F_{Water}$,0.004466101892198644,0.004466101892198644
373,73,$F_{Water}$,0.0021093712370840365,0.0021093712370840365
374,74,$F_{Water}$,0.00045260198814993196,0.00045260198814993196
375,75,$F_{Water}$,0.002314075476437739,0.002314075476437739
376,76,$F_{Water}$,0.014152485479673524,0.014152485479673524
377,77,$F_{Water}$,0.0004258500597402939,0.0004258500597402939
378,78,$F_{Water}$,0.0008413449736986851,0.0008413449736986851
379,79,$F_{Water}$,0.001840862352344936,0.001840862352344936
380,80,$F_{Water}$,0.001372879653636274,0.001372879653636274
381,81,$F_{Water}$,0.001935380406302882,0.001935380406302882
382,82,$F_{Water}$,0.004118823511188636,0.004118823511188636
383,83,$F_{Water}$,0.00247310075137288,0.00247310075137288
384,84,$F_{Water}$,0.0011786585766183578,0.0011786585766183578
385,85,$F_{Water}$,0.04128748886388476,0.04128748886388476
386,86,$F_{Water}$,0.0010519715547935248,0.0010519715547935248
387,87,$F_{Water}$,0.004679097389277056,0.004679097389277056
388,88,$F_{Water}$,0.00936924307042648,0.00936924307042648
389,89,$F_{Water}$,0.0037093928324915242,0.0037093928324915242
390,90,$F_{Water}$,0.0005647671359428562,0.0005647671359428562
391,91,$F_{Water}$,0.0013378080783431653,0.0013378080783431653
392,92,$F_{Water}$,0.0019705618881868114,0.0019705618881868114
393,93,$F_{Water}$,0.002028820136629858,0.002028820136629858
394,94,$F_{Water}$,0.002603152954420761,0.002603152954420761
395,95,$F_{Water}$,0.024816789379711945,0.024816789379711945
396,96,$F_{Water}$,0.0055639489268914395,0.0055639489268914395
397,97,$F_{Water}$,0.006380256383271536,0.006380256383271536
398,98,$F_{Water}$,0.0006480878851150919,0.0006480878851150919
399,99,$F_{Water}$,0.0013870005092393564,0.0013870005092393564
400,0,$F_{Yield}$,0.0017919810733211805,0.0017919810733211805
401,1,$F_{Yield}$,0.002587755482395853,0.002587755482395853
402,2,$F_{Yield}$,0.0016632514399577225,0.0016632514399577225
403,3,$F_{Yield}$,0.0330578574168159,0.0330578574168159
404,4,$F_{Yield}$,0.0012083186014737026,0.0012083186014737026
405,5,$F_{Yield}$,0.00666165874514558,0.00666165874514558
406,6,$F_{Yield}$,0.0003373639934515082,0.0003373639934515082
407,7,$F_{Yield}$,0.013165278716928444,0.013165278716928444
408,8,$F_{Yield}$,0.04363218266725105,0.04363218266725105
409,9,$F_{Yield}$,0.0010939093512403358,0.0010939093512403358
410,10,$F_{Yield}$,0.001553980829849521,0.001553980829849521
411,11,$F_{Yield}$,0.010709394218519987,0.010709394218519987
412,12,$F_{Yield}$,0.0144344868825601,0.0144344868825601
413,13,$F_{Yield}$,0.006712161748535186,0.006712161748535186
414,14,$F_{Yield}$,0.008215322117559433,0.008215322117559433
415,15,$F_{Yield}$,0.002433846926137898,0.002433846926137898
416,16,$F_{Yield}$,0.014107551736089234,0.014107551736089234
417,17,$F_{Yield}$,0.023663460946668158,0.023663460946668158
418,18,$F_{Yield}$,0.003997673194322751,0.003997673194322751
419,19,$F_{Yield}$,0.014340054847846576,0.014340054847846576
420,20,$F_{Yield}$,0.05600166247005485,0.05600166247005485
421,21,$F_{Yield}$,0.008997875200192837,0.008997875200192837
422,22,$F_{Yield}$,0.013617796940331122,0.013617796940331122
423,23,$F_{Yield}$,0.002753692290324278,0.002753692290324278
424,24,$F_{Yield}$,0.01492803092656629,0.01492803092656629
425,25,$F_{Yield}$,0.008701943518123825,0.008701943518123825
426,26,$F_{Yield}$,0.016427163568926997,0.016427163568926997
427,27,$F_{Yield}$,0.006485166163089393,0.006485166163089393
428,28,$F_{Yield}$,0.023746327739573282,0.023746327739573282
429,29,$F_{Yield}$,0.0015900885987074295,0.0015900885987074295
430,30,$F_{Yield}$,0.04105303011390665,0.04105303011390665
431,31,$F_{Yield}$,0.0025718656304173078,0.0025718656304173078
432,32,$F_{Yield}$,0.0034407247419766624,0.0034407247419766624
433,33,$F_{Yield}$,0.009206734802815131,0.009206734802815131
434,34,$F_{Yield}$,0.01371650834093391,0.01371650834093391
435,35,$F_{Yield}$,0.014311377563564822,0.014311377563564822
436,36,$F_{Yield}$,0.003197364632632288,0.003197364632632288
437,37,$F_{Yield}$,0.0037768017079712773,0.0037768017079712773
438,38,$F_{Yield}$,0.0016505999304789706,0.0016505999304789706
439,39,$F_{Yield}$,0.008317597278533867,0.008317597278533867
440,40,$F_{Yield}$,0.006326575838252364,0.006326575838252364
441,41,$F_{Yield}$,0.015134393306320196,0.015134393306320196
442,42,$F_{Yield}$,0.0011523993662104206,0.0011523993662104206
443,43,$F_{Yield}$,0.012361745674376616,0.012361745674376616
444,44,$F_{Yield}$,0.009775999180125523,0.009775999180125523
445,45,$F_{Yield}$,0.013029398384855841,0.013029398384855841
446,46,$F_{Yield}$,0.024007927334154945,0.024007927334154945
447,47,$F_{Yield}$,0.01864993379962053,0.01864993379962053
448,48,$F_{Yield}$,0.0018141557855422734,0.0018141557855422734
449,49,$F_{Yield}$,0.016256258279177104,0.016256258279177104
450,50,$F_{Yield}$,0.02178257384047154,0.02178257384047154
451,51,$F_{Yield}$,0.012524421616082618,0.012524421616082618
452,52,$F_{Yield}$,0.005064173619875772,0.005064173619875772
453,53,$F_{Yield}$,0.00024965529656911757,0.00024965529656911757
454,54,$F_{Yield}$,0.006116545456255353,0.006116545456255353
455,55,$F_{Yield}$,0.0042031833502235594,0.0042031833502235594
456,56,$F_{Yield}$,0.009574754127394385,0.009574754127394385
457,57,$F_{Yield}$,0.0012138764431581762,0.0012138764431581762
458,58,$F_{Yield}$,0.01704428678502407,0.01704428678502407
459,59,$F_{Yield}$,0.021025309643227377,0.021025309643227377
460,60,$F_{Yield}$,0.0031130111451463443,0.0031130111451463443
461,61,$F_{Yield}$,0.02181876132361221,0.02181876132361221
462,62,$F_{Yield}$,0.031182874163860324,0.031182874163860324
463,63,$F_{Yield}$,0.012829724363525271,0.012829724363525271
464,64,$F_{Yield}$,0.00048415724398161023,0.00048415724398161023
465,65,$F_{Yield}$,0.027855161409225147,0.027855161409225147
466,66,$F_{Yield}$,0.022809140585805673,0.022809140585805673
467,67,$F_{Yield}$,0.0014079285126987302,0.0014079285126987302
468,68,$F_{Yield}$,0.012296963565744879,0.012296963565744879
469,69,$F_{Yield}$,0.043383354526155264,0.043383354526155264
470,70,$F_{Yield}$,0.0026463441831032285,0.0026463441831032285
471,71,$F_{Yield}$,0.008907931536909455,0.008907931536909455
472,72,$F_{Yield}$,0.0009402677955123172,0.0009402677955123172
473,73,$F_{Yield}$,0.010860633406170071,0.010860633406170071
474,74,$F_{Yield}$,0.0038707953145358564,0.0038707953145358564
475,75,$F_{Yield}$,0.006180528220819877,0.006180528220819877
476,76,$F_{Yield}$,0.008693329560895666,0.008693329560895666
477,77,$F_{Yield}$,0.0018095352601617079,0.0018095352601617079
478,78,$F_{Yield}$,0.011329224111405248,0.011329224111405248
479,79,$F_{Yield}$,0.0005000980742250108,0.0005000980742250108
480,80,$F_{Yield}$,0.006062850317932901,0.006062850317932901
481,81,$F_{Yield}$,0.0042005073390557306,0.0042005073390557306
482,82,$F_{Yield}$,0.0011551843867106018,0.0011551843867106018
483,83,$F_{Yield}$,0.0018109097150409874,0.0018109097150409874
484,84,$F_{Yield}$,0.003146412705680105,0.003146412705680105
485,85,$F_{Yield}$,0.04383146057760496,0.04383146057760496
486,86,$F_{Yield}$,0.003579631196142961,0.003579631196142961
487,87,$F_{Yield}$,0.005748990486773813,0.005748990486773813
488,88,$F_{Yield}$,0.0015817548568360061,0.0015817548568360061
489,89,$F_{Yield}$,0.020699802230693298,0.020699802230693298
490,90,$F_{Yield}$,0.01684937149787914,0.01684937149787914
491,91,$F_{Yield}$,0.006942311971466808,0.006942311971466808
492,92,$F_{Yield}$,0.003460262597242242,0.003460262597242242
493,93,$F_{Yield}$,0.0005294935469956081,0.0005294935469956081
494,94,$F_{Yield}$,0.006583676893860645,0.006583676893860645
495,95,$F_{Yield}$,0.012946713471500428,0.012946713471500428
496,96,$F_{Yield}$,0.0015045310646372686,0.0015045310646372686
497,97,$F_{Yield}$,0.0010311154851558764,0.0010311154851558764
498,98,$F_{Yield}$,0.008107065678236526,0.008107065678236526
499,99,$F_{Yield}$,0.01025593556125494,0.01025593556125494
500,0,$F_{Mig}$,0.03124629777325795,0.03124629777325795
501,1,$F_{Mig}$,0.03724792742813074,0.03724792742813074
502,2,$F_{Mig}$,0.006596831720600389,0.006596831720600389
503,3,$F_{Mig}$,0.0529154352216684,0.0529154352216684
504,4,$F_{Mig}$,0.002726626523957241,0.002726626523957241
505,5,$F_{Mig}$,0.007839194410065902,0.007839194410065902
506,6,$F_{Mig}$,0.01574226493203373,0.01574226493203373
507,7,$F_{Mig}$,0.006292929737980121,0.006292929737980121
508,8,$F_{Mig}$,0.03192922470072524,0.03192922470072524
509,9,$F_{Mig}$,0.053809042497091376,0.053809042497091376
510,10,$F_{Mig}$,0.009643523843755455,0.009643523843755455
511,11,$F_{Mig}$,0.0029553858006095084,0.0029553858006095084
512,12,$F_{Mig}$,0.0015227371669605744,0.0015227371669605744
513,13,$F_{Mig}$,0.04757284325440669,0.04757284325440669
514,14,$F_{Mig}$,0.0041269061227872245,0.0041269061227872245
515,15,$F_{Mig}$,0.0028084528021292783,0.0028084528021292783
516,16,$F_{Mig}$,0.046004983956241495,0.046004983956241495
517,17,$F_{Mig}$,0.019365374302223102,0.019365374302223102
518,18,$F_{Mig}$,0.015398180695265438,0.015398180695265438
519,19,$F_{Mig}$,0.013854323083547141,0.013854323083547141
520,20,$F_{Mig}$,0.05194564949260811,0.05194564949260811
521,21,$F_{Mig}$,0.1518324872401534,0.1518324872401534
522,22,$F_{Mig}$,0.0039748867736252615,0.0039748867736252615
523,23,$F_{Mig}$,0.00306831525749338,0.00306831525749338
524,24,$F_{Mig}$,0.02255929078248132,0.02255929078248132
525,25,$F_{Mig}$,0.01084352861546262,0.01084352861546262
526,26,$F_{Mig}$,0.013109809070861548,0.013109809070861548
527,27,$F_{Mig}$,0.02152205731754899,0.02152205731754899
528,28,$F_{Mig}$,0.004438951792340397,0.004438951792340397
529,29,$F_{Mig}$,0.0199065508458938,0.0199065508458938
530,30,$F_{Mig}$,0.007442180578653837,0.007442180578653837
531,31,$F_{Mig}$,0.001609145766207275,0.001609145766207275
532,32,$F_{Mig}$,0.038298218989515034,0.038298218989515034
533,33,$F_{Mig}$,0.019056665184285598,0.019056665184285598
534,34,$F_{Mig}$,0.008507376680463417,0.008507376680463417
535,35,$F_{Mig}$,0.0016544178556840415,0.0016544178556840415
536,36,$F_{Mig}$,0.030843905382676406,0.030843905382676406
537,37,$F_{Mig}$,0.053151559523432465,0.053151559523432465
538,38,$F_{Mig}$,0.0007708264683522421,0.0007708264683522421
539,39,$F_{Mig}$,0.04124114363473821,0.04124114363473821
540,40,$F_{Mig}$,0.024407593758869164,0.024407593758869164
541,41,$F_{Mig}$,0.009093746194479484,0.009093746194479484
542,42,$F_{Mig}$,0.0076515760689727565,0.0076515760689727565
543,43,$F_{Mig}$,0.0033257441646947434,0.0033257441646947434
544,44,$F_{Mig}$,0.041033333081662925,0.041033333081662925
545,45,$F_{Mig}$,0.041906957459948116,0.041906957459948116
546,46,$F_{Mig}$,0.0073395281507975,0.0073395281507975
547,47,$F_{Mig}$,0.0012447584122803196,0.0012447584122803196
548,48,$F_{Mig}$,0.0017086206535908365,0.0017086206535908365
549,49,$F_{Mig}$,0.004835561236048296,0.004835561236048296
550,50,$F_{Mig}$,0.002593696287984532,0.002593696287984532
551,51,$F_{Mig}$,0.03662055379755437,0.03662055379755437
552,52,$F_{Mig}$,0.01848906109869524,0.01848906109869524
553,53,$F_{Mig}$,0.03374297726906926,0.03374297726906926
554,54,$F_{Mig}$,0.0042510724455366465,0.0042510724455366465
555,55,$F_{Mig}$,0.001844370067319868,0.001844370067319868
556,56,$F_{Mig}$,0.01848494874022482,0.01848494874022482
557,57,$F_{Mig}$,0.03966334668159142,0.03966334668159142
558,58,$F_{Mig}$,0.01820568326341671,0.01820568326341671
559,59,$F_{Mig}$,0.0009868849015103624,0.0009868849015103624
560,60,$F_{Mig}$,0.010031689664552295,0.010031689664552295
561,61,$F_{Mig}$,0.057905781947821235,0.057905781947821235
562,62,$F_{Mig}$,0.0033257163693678924,0.0033257163693678924
563,63,$F_{Mig}$,0.010534941736651888,0.010534941736651888
564,64,$F_{Mig}$,0.004956542541813749,0.004956542541813749
565,65,$F_{Mig}$,0.05526735619621282,0.05526735619621282
566,66,$F_{Mig}$,0.0009513139719924963,0.0009513139719924963
567,67,$F_{Mig}$,0.004954881150033023,0.004954881150033023
568,68,$F_{Mig}$,0.006425450130415255,0.006425450130415255
569,69,$F_{Mig}$,0.027102843874198982,0.027102843874198982
570,70,$F_{Mig}$,0.0031209038255608397,0.0031209038255608397
571,71,$F_{Mig}$,0.0475014243025902,0.0475014243025902
572,72,$F_{Mig}$,0.005199155147067769,0.005199155147067769
573,73,$F_{Mig}$,0.05383256712305293,0.05383256712305293
574,74,$F_{Mig}$,0.005495065178671039,0.005495065178671039
575,75,$F_{Mig}$,0.003072673325806516,0.003072673325806516
576,76,$F_{Mig}$,0.02852657579331392,0.02852657579331392
577,77,$F_{Mig}$,0.0067054714106212655,0.0067054714106212655
578,78,$F_{Mig}$,0.05699608403910205,0.05699608403910205
579,79,$F_{Mig}$,0.01201909890815638,0.01201909890815638
580,80,$F_{Mig}$,0.002130204901040792,0.002130204901040792
581,81,$F_{Mig}$,0.00038413859481060736,0.00038413859481060736
582,82,$F_{Mig}$,0.003128720249640809,0.003128720249640809
583,83,$F_{Mig}$,0.015274316257246259,0.015274316257246259
584,84,$F_{Mig}$,0.005097971102267787,0.005097971102267787
585,85,$F_{Mig}$,0.0006735850319576731,0.0006735850319576731
586,86,$F_{Mig}$,0.0030626326649789344,0.0030626326649789344
587,87,$F_{Mig}$,0.023612828586708882,0.023612828586708882
588,88,$F_{Mig}$,0.00800558259445376,0.00800558259445376
589,89,$F_{Mig}$,0.007578977471324502,0.007578977471324502
590,90,$F_{Mig}$,0.0022486168396831318,0.0022486168396831318
591,91,$F_{Mig}$,0.03633851823243607,0.03633851823243607
592,92,$F_{Mig}$,0.007214151960276111,0.007214151960276111
593,93,$F_{Mig}$,0.026440977614434813,0.026440977614434813
594,94,$F_{Mig}$,0.015110317093990498,0.015110317093990498
595,95,$F_{Mig}$,0.016855667616665695,0.016855667616665695
596,96,$F_{Mig}$,0.014622143846365985,0.014622143846365985
597,97,$F_{Mig}$,0.0036462260520825312,0.0036462260520825312
598,98,$F_{Mig}$,0.011043050859318828,0.011043050859318828
599,99,$F_{Mig}$,0.04755185787988502,0.04755185787988502
600,0,$F_{Soc}$,0.0001843022280375385,0.0001843022280375385
601,1,$F_{Soc}$,0.009084923680502477,0.009084923680502477
602,2,$F_{Soc}$,0.0009581469088509149,0.0009581469088509149
603,3,$F_{Soc}$,0.006038202094425479,0.006038202094425479
604,4,$F_{Soc}$,0.006087009251279411,0.006087009251279411
605,5,$F_{Soc}$,0.0014588058712237148,0.0014588058712237148
606,6,$F_{Soc}$,0.0017208280810104661,0.0017208280810104661
607,7,$F_{Soc}$,0.003892992356730568,0.003892992356730568
608,8,$F_{Soc}$,0.0005197287472408142,0.0005197287472408142
609,9,$F_{Soc}$,0.03813879648889885,0.03813879648889885
610,10,$F_{Soc}$,0.002029090749547152,0.002029090749547152
611,11,$F_{Soc}$,0.0012351283420452821,0.0012351283420452821
612,12,$F_{Soc}$,0.0007545898479989842,0.0007545898479989842
613,13,$F_{Soc}$,0.0017873705275221875,0.0017873705275221875
614,14,$F_{Soc}$,0.0037762420421273814,0.0037762420421273814
615,15,$F_{Soc}$,0.000400843556185228,0.000400843556185228
616,16,$F_{Soc}$,0.0009426978837661855,0.0009426978837661855
617,17,$F_{Soc}$,0.010051980213971148,0.010051980213971148
618,18,$F_{Soc}$,0.0016349648837761168,0.0016349648837761168
619,19,$F_{Soc}$,0.022789552562902337,0.022789552562902337
620,20,$F_{Soc}$,0.0004940611624649387,0.0004940611624649387
621,21,$F_{Soc}$,0.0008474460532329704,0.0008474460532329704
622,22,$F_{Soc}$,0.008832904803923541,0.008832904803923541
623,23,$F_{Soc}$,0.007739612090960805,0.007739612090960805
624,24,$F_{Soc}$,0.0012533957956995321,0.0012533957956995321
625,25,$F_{Soc}$,0.00031018861525380437,0.00031018861525380437
626,26,$F_{Soc}$,0.004477858001770014,0.004477858001770014
627,27,$F_{Soc}$,0.0006476698154966183,0.0006476698154966183
628,28,$F_{Soc}$,0.006077773300684447,0.006077773300684447
629,29,$F_{Soc}$,0.002033820581619884,0.002033820581619884
630,30,$F_{Soc}$,0.021030531540010344,0.021030531540010344
631,31,$F_{Soc}$,0.009550179030248459,0.009550179030248459
632,32,$F_{Soc}$,0.00672006970881811,0.00672006970881811
633,33,$F_{Soc}$,0.0005747434506827372,0.0005747434506827372
634,34,$F_{Soc}$,0.001971859193133326,0.001971859193133326
635,35,$F_{Soc}$,0.000246012506250754,0.000246012506250754
636,36,$F_{Soc}$,0.0033893975479861076,0.0033893975479861076
637,37,$F_{Soc}$,0.00011850165777423318,0.00011850165777423318
638,38,$F_{Soc}$,0.0036695123210587883,0.0036695123210587883
639,39,$F_{Soc}$,0.005810770187143085,0.005810770187143085
640,40,$F_{Soc}$,0.004253399390861868,0.004253399390861868
641,41,$F_{Soc}$,0.001032448912280183,0.001032448912280183
642,42,$F_{Soc}$,0.0005991209047189736,0.0005991209047189736
643,43,$F_{Soc}$,0.000971753683543582,0.000971753683543582
644,44,$F_{Soc}$,0.0009717779183742783,0.0009717779183742783
645,45,$F_{Soc}$,0.03885282025160505,0.03885282025160505
646,46,$F_{Soc}$,0.00013218513546271298,0.00013218513546271298
647,47,$F_{Soc}$,0.0070373476003301036,0.0070373476003301036
648,48,$F_{Soc}$,0.0036170049154535225,0.0036170049154535225
649,49,$F_{Soc}$,0.0001324764937024292,0.0001324764937024292
650,50,$F_{Soc}$,0.05731882983949431,0.05731882983949431
651,51,$F_{Soc}$,0.00900835944423234,0.00900835944423234
652,52,$F_{Soc}$,0.0021053766257255733,0.0021053766257255733
653,53,$F_{Soc}$,0.0011295528390389165,0.0011295528390389165
654,54,$F_{Soc}$,0.0007212695369577184,0.0007212695369577184
655,55,$F_{Soc}$,0.001387150269272306,0.001387150269272306
656,56,$F_{Soc}$,0.003248885937887577,0.003248885937887577
657,57,$F_{Soc}$,0.0006531108310123772,0.0006531108310123772
658,58,$F_{Soc}$,0.0006482656698621487,0.0006482656698621487
659,59,$F_{Soc}$,0.004133697737630974,0.004133697737630974
660,60,$F_{Soc}$,0.0022973444690114714,0.0022973444690114714
661,61,$F_{Soc}$,0.008106462015128012,0.008106462015128012
662,62,$F_{Soc}$,0.002483520948009657,0.002483520948009657
663,63,$F_{Soc}$,0.0004882284877338706,0.0004882284877338706
664,64,$F_{Soc}$,0.0043373751414496255,0.0043373751414496255
665,65,$F_{Soc}$,0.004392892262212504,0.004392892262212504
666,66,$F_{Soc}$,0.0012099080423969436,0.0012099080423969436
667,67,$F_{Soc}$,0.0010375139511559967,0.0010375139511559967
668,68,$F_{Soc}$,0.0022730125991290663,0.0022730125991290663
669,69,$F_{Soc}$,0.0014960510080331186,0.0014960510080331186
670,70,$F_{Soc}$,0.02290889568740897,0.02290889568740897
671,71,$F_{Soc}$,0.0008086188015478697,0.0008086188015478697
672,72,$F_{Soc}$,0.02390307708639545,0.02390307708639545
673,73,$F_{Soc}$,0.024796834645456102,0.024796834645456102
674,74,$F_{Soc}$,0.008110929411111894,0.008110929411111894
675,75,$F_{Soc}$,0.02096827983587605,0.02096827983587605
676,76,$F_{Soc}$,0.0006949931964714709,0.0006949931964714709
677,77,$F_{Soc}$,0.0006788260359622316,0.0006788260359622316
678,78,$F_{Soc}$,0.024692260682948587,0.024692260682948587
679,79,$F_{Soc}$,0.00048103299578585823,0.00048103299578585823
680,80,$F_{Soc}$,0.010775097020218756,0.010775097020218756
681,81,$F_{Soc}$,0.011236295300109677,0.011236295300109677
682,82,$F_{Soc}$,0.05000501423744794,0.05000501423744794
683,83,$F_{Soc}$,0.0074370397464550405,0.0074370397464550405
684,84,$F_{Soc}$,0.005314940245522808,0.005314940245522808
685,85,$F_{Soc}$,0.0004574698264306591,0.0004574698264306591
686,86,$F_{Soc}$,0.001998431034309258,0.001998431034309258
687,87,$F_{Soc}$,0.00040632609151953,0.00040632609151953
688,88,$F_{Soc}$,0.00022318833645915685,0.00022318833645915685
689,89,$F_{Soc}$,0.008015973283603152,0.008015973283603152
690,90,$F_{Soc}$,0.00037408245430286966,0.00037408245430286966
691,91,$F_{Soc}$,0.04643086337783913,0.04643086337783913
692,92,$F_{Soc}$,0.0019004616844596387,0.0019004616844596387
693,93,$F_{Soc}$,0.002686935252642332,0.002686935252642332
694,94,$F_{Soc}$,0.012809735642841423,0.012809735642841423
695,95,$F_{Soc}$,0.002206104425351538,0.002206104425351538
696,96,$F_{Soc}$,0.0060589146420987295,0.0060589146420987295
697,97,$F_{Soc}$,0.0015712167679986086,0.0015712167679986086
698,98,$F_{Soc}$,0.00032873698427827915,0.00032873698427827915
699,99,$F_{Soc}$,0.00017487070330970652,0.00017487070330970652
700,0,$F_{HAge}$,0.004544166869200936,0.004544166869200936
701,1,$F_{HAge}$,0.002859185557942055,0.002859185557942055
702,2,$F_{HAge}$,0.003097908385712493,0.003097908385712493
703,3,$F_{HAge}$,0.022539807182009212,0.022539807182009212
704,4,$F_{HAge}$,0.021410333022876264,0.021410333022876264
705,5,$F_{HAge}$,0.0043997294867973245,0.0043997294867973245
706,6,$F_{HAge}$,0.010265444369290177,0.010265444369290177
707,7,$F_{HAge}$,0.01687571278931084,0.01687571278931084
708,8,$F_{HAge}$,0.016974916978312913,0.016974916978312913
709,9,$F_{HAge}$,0.0015141367744694158,0.0015141367744694158
710,10,$F_{HAge}$,0.006299965489991544,0.006299965489991544
711,11,$F_{HAge}$,0.002030091719869403,0.002030091719869403
712,12,$F_{HAge}$,0.0005732705132985332,0.0005732705132985332
713,13,$F_{HAge}$,0.008592143889917544,0.008592143889917544
714,14,$F_{HAge}$,0.012564234270577984,0.012564234270577984
715,15,$F_{HAge}$,0.011363506706686136,0.011363506706686136
716,16,$F_{HAge}$,0.0020092299570410735,0.0020092299570410735
717,17,$F_{HAge}$,0.005906720787832881,0.005906720787832881
718,18,$F_{HAge}$,0.0016581061726889169,0.0016581061726889169
719,19,$F_{HAge}$,0.0009362988629401508,0.0009362988629401508
720,20,$F_{HAge}$,0.0013062615868680144,0.0013062615868680144
721,21,$F_{HAge}$,6.124473885802633e-05,6.124473885802633e-05
722,22,$F_{HAge}$,0.009897798881418464,0.009897798881418464
723,23,$F_{HAge}$,0.003094010354717291,0.003094010354717291
724,24,$F_{HAge}$,0.00044831953507386795,0.00044831953507386795
725,25,$F_{HAge}$,0.004896652998328903,0.004896652998328903
726,26,$F_{HAge}$,0.00038366710386364514,0.00038366710386364514
727,27,$F_{HAge}$,0.003408785991726055,0.003408785991726055
728,28,$F_{HAge}$,0.0002869409029201581,0.0002869409029201581
729,29,$F_{HAge}$,0.010607331721066994,0.010607331721066994
730,30,$F_{HAge}$,0.0077581313153830544,0.0077581313153830544
731,31,$F_{HAge}$,0.0031707222160234205,0.0031707222160234205
732,32,$F_{HAge}$,0.0301741390844881,0.0301741390844881
733,33,$F_{HAge}$,0.00658804163310331,0.00658804163310331
734,34,$F_{HAge}$,0.02019540779121989,0.02019540779121989
735,35,$F_{HAge}$,0.006953922602825314,0.006953922602825314
736,36,$F_{HAge}$,0.007335608072387286,0.007335608072387286
737,37,$F_{HAge}$,0.0008336550516882957,0.0008336550516882957
738,38,$F_{HAge}$,0.01575922284002518,0.01575922284002518
739,39,$F_{HAge}$,0.0005207665041264745,0.0005207665041264745
740,40,$F_{HAge}$,0.002458301981397961,0.002458301981397961
741,41,$F_{HAge}$,0.006929129788722205,0.006929129788722205
742,42,$F_{HAge}$,0.005734761842391981,0.005734761842391981
743,43,$F_{HAge}$,0.00578496343447127,0.00578496343447127
744,44,$F_{HAge}$,0.007446405214874392,0.007446405214874392
745,45,$F_{HAge}$,0.000992169510503178,0.000992169510503178
746,46,$F_{HAge}$,0.003954177871429646,0.003954177871429646
747,47,$F_{HAge}$,0.006537349700426386,0.006537349700426386
748,48,$F_{HAge}$,0.00414393530251426,0.00414393530251426
749,49,$F_{HAge}$,0.0014749775503253846,0.0014749775503253846
750,50,$F_{HAge}$,0.0010679888006389394,0.0010679888006389394
751,51,$F_{HAge}$,0.001533380800738841,0.001533380800738841
752,52,$F_{HAge}$,0.007202758286869349,0.007202758286869349
753,53,$F_{HAge}$,0.023642262492561385,0.023642262492561385
754,54,$F_{HAge}$,0.002586090653304326,0.002586090653304326
755,55,$F_{HAge}$,0.00235627822132682,0.00235627822132682
756,56,$F_{HAge}$,0.0015217930195567473,0.0015217930195567473
757,57,$F_{HAge}$,0.0030937717150276763,0.0030937717150276763
758,58,$F_{HAge}$,0.0015340326520345607,0.0015340326520345607
759,59,$F_{HAge}$,0.014550736466746518,0.014550736466746518
760,60,$F_{HAge}$,0.003993285279828964,0.003993285279828964
761,61,$F_{HAge}$,0.0091994403452441,0.0091994403452441
762,62,$F_{HAge}$,0.0054832848872141725,0.0054832848872141725
763,63,$F_{HAge}$,0.008758334772537065,0.008758334772537065
764,64,$F_{HAge}$,0.0069441667452878825,0.0069441667452878825
765,65,$F_{HAge}$,0.004559579044077949,0.004559579044077949
766,66,$F_{HAge}$,0.01884712737625167,0.01884712737625167
767,67,$F_{HAge}$,0.007596235000666916,0.007596235000666916
768,68,$F_{HAge}$,0.01300197071798331,0.01300197071798331
769,69,$F_{HAge}$,0.004240967108999571,0.004240967108999571
770,70,$F_{HAge}$,0.006814630809040728,0.006814630809040728
771,71,$F_{HAge}$,0.0011170555991572902,0.0011170555991572902
772,72,$F_{HAge}$,0.0010896613686712576,0.0010896613686712576
773,73,$F_{HAge}$,0.0012448777438386605,0.0012448777438386605
774,74,$F_{HAge}$,0.0043175339942596045,0.0043175339942596045
775,75,$F_{HAge}$,0.005474127289729532,0.005474127289729532
776,76,$F_{HAge}$,0.0002903989432787437,0.0002903989432787437
777,77,$F_{HAge}$,0.0032772188486614637,0.0032772188486614637
778,78,$F_{HAge}$,0.0019215971466292707,0.0019215971466292707
779,79,$F_{HAge}$,0.0011258019380155123,0.0011258019380155123
780,80,$F_{HAge}$,0.012663298940529536,0.012663298940529536
781,81,$F_{HAge}$,0.017099347512173936,0.017099347512173936
782,82,$F_{HAge}$,0.002015826719141484,0.002015826719141484
783,83,$F_{HAge}$,0.022909479511452776,0.022909479511452776
784,84,$F_{HAge}$,0.010627322182580893,0.010627322182580893
785,85,$F_{HAge}$,0.0002210628072368459,0.0002210628072368459
786,86,$F_{HAge}$,0.0034786132280875586,0.0034786132280875586
787,87,$F_{HAge}$,0.0023094261858542663,0.0023094261858542663
788,88,$F_{HAge}$,0.005153357502778231,0.005153357502778231
789,89,$F_{HAge}$,0.0010189285940111355,0.0010189285940111355
790,90,$F_{HAge}$,0.00662242115447531,0.00662242115447531
791,91,$F_{HAge}$,0.008222477175954744,0.008222477175954744
792,92,$F_{HAge}$,0.002652647641536926,0.002652647641536926
793,93,$F_{HAge}$,0.005513301665319638,0.005513301665319638
794,94,$F_{HAge}$,0.005294756093681689,0.005294756093681689
795,95,$F_{HAge}$,0.031034572593563133,0.031034572593563133
796,96,$F_{HAge}$,0.02108553768184685,0.02108553768184685
797,97,$F_{HAge}$,0.004607124603118746,0.004607124603118746
798,98,$F_{HAge}$,0.00011812583887087408,0.00011812583887087408
799,99,$F_{HAge}$,0.002068502106941449,0.002068502106941449
800,0,$F_{HAgri}$,0.02798930319853455,0.02798930319853455
801,1,$F_{HAgri}$,0.0037039323939998025,0.0037039323939998025
802,2,$F_{HAgri}$,0.005305795099117245,0.005305795099117245
803,3,$F_{HAgri}$,0.0058152134605328675,0.0058152134605328675
804,4,$F_{HAgri}$,0.00045791519251689444,0.00045791519251689444
805,5,$F_{HAgri}$,0.005242246151165377,0.005242246151165377
806,6,$F_{HAgri}$,0.013556937850971144,0.013556937850971144
807,7,$F_{HAgri}$,0.0008008335785077811,0.0008008335785077811
808,8,$F_{HAgri}$,0.02312482531939356,0.02312482531939356
809,9,$F_{HAgri}$,0.002276217271969475,0.002276217271969475
810,10,$F_{HAgri}$,0.002513424945690219,0.002513424945690219
811,11,$F_{HAgri}$,0.00020900556970703004,0.00020900556970703004
812,12,$F_{HAgri}$,0.006103902459425197,0.006103902459425197
813,13,$F_{HAgri}$,0.005174199095477936,0.005174199095477936
814,14,$F_{HAgri}$,0.0011314910860974305,0.0011314910860974305
815,15,$F_{HAgri}$,0.01233629278717078,0.01233629278717078
816,16,$F_{HAgri}$,0.033275472476398366,0.033275472476398366
817,17,$F_{HAgri}$,0.015098272875868969,0.015098272875868969
818,18,$F_{HAgri}$,0.0019099266978463503,0.0019099266978463503
819,19,$F_{HAgri}$,0.0007134913801748846,0.0007134913801748846
820,20,$F_{HAgri}$,2.4072169125815328e-05,2.4072169125815328e-05
821,21,$F_{HAgri}$,0.006228454796921067,0.006228454796921067
822,22,$F_{HAgri}$,0.012883645138765555,0.012883645138765555
823,23,$F_{HAgri}$,0.002312281237270985,0.002312281237270985
824,24,$F_{HAgri}$,0.01412555530552724,0.01412555530552724
825,25,$F_{HAgri}$,0.0004592934611956045,0.0004592934611956045
826,26,$F_{HAgri}$,0.008484485693664594,0.008484485693664594
827,27,$F_{HAgri}$,0.002723526703230663,0.002723526703230663
828,28,$F_{HAgri}$,0.0005462897616863252,0.0005462897616863252
829,29,$F_{HAgri}$,0.00026951375108964727,0.00026951375108964727
830,30,$F_{HAgri}$,0.0018046235117597906,0.0018046235117597906
831,31,$F_{HAgri}$,0.002955999405316067,0.002955999405316067
832,32,$F_{HAgri}$,0.001642820315564607,0.001642820315564607
833,33,$F_{HAgri}$,5.155506378905522e-05,5.155506378905522e-05
834,34,$F_{HAgri}$,0.0014406212408377946,0.0014406212408377946
835,35,$F_{HAgri}$,0.0023070327467741326,0.0023070327467741326
836,36,$F_{HAgri}$,0.00044110653746136337,0.00044110653746136337
837,37,$F_{HAgri}$,0.027376569825242798,0.027376569825242798
838,38,$F_{HAgri}$,0.0015097995934702773,0.0015097995934702773
839,39,$F_{HAgri}$,0.026600093533355275,0.026600093533355275
840,40,$F_{HAgri}$,0.01202745370134502,0.01202745370134502
841,41,$F_{HAgri}$,0.0052842079349678175,0.0052842079349678175
842,42,$F_{HAgri}$,0.0165730628752288,0.0165730628752288
843,43,$F_{HAgri}$,0.02879667111839973,0.02879667111839973
844,44,$F_{HAgri}$,0.012078764598902636,0.012078764598902636
845,45,$F_{HAgri}$,0.013303409635649478,0.013303409635649478
846,46,$F_{HAgri}$,0.0015737637297919976,0.0015737637297919976
847,47,$F_{HAgri}$,0.005293807702700243,0.005293807702700243
848,48,$F_{HAgri}$,0.0031524118022037266,0.0031524118022037266
849,49,$F_{HAgri}$,0.004055488137621687,0.004055488137621687
850,50,$F_{HAgri}$,0.0010784116314853413,0.0010784116314853413
851,51,$F_{HAgri}$,0.0003948627742029216,0.0003948627742029216
852,52,$F_{HAgri}$,0.0013884442958646142,0.0013884442958646142
853,53,$F_{HAgri}$,0.0010485725315667717,0.0010485725315667717
854,54,$F_{HAgri}$,0.00039776421015161117,0.00039776421015161117
855,55,$F_{HAgri}$,0.0015733617258033626,0.0015733617258033626
856,56,$F_{HAgri}$,0.0008142638605313713,0.0008142638605313713
857,57,$F_{HAgri}$,0.02852981884443996,0.02852981884443996
858,58,$F_{HAgri}$,0.0002919936975142891,0.0002919936975142891
859,59,$F_{HAgri}$,0.03359583155146138,0.03359583155146138
860,60,$F_{HAgri}$,0.0037681287076048423,0.0037681287076048423
861,61,$F_{HAgri}$,0.002119154496202992,0.002119154496202992
862,62,$F_{HAgri}$,0.024090032353582237,0.024090032353582237
863,63,$F_{HAgri}$,0.0004901536375482123,0.0004901536375482123
864,64,$F_{HAgri}$,0.002089229708787469,0.002089229708787469
865,65,$F_{HAgri}$,0.0016064186275900184,0.0016064186275900184
866,66,$F_{HAgri}$,0.01815280901950221,0.01815280901950221
867,67,$F_{HAgri}$,0.010263692224585518,0.010263692224585518
868,68,$F_{HAgri}$,0.018077001280789647,0.018077001280789647
869,69,$F_{HAgri}$,0.006316354851458221,0.006316354851458221
870,70,$F_{HAgri}$,0.00829225348494537,0.00829225348494537
871,71,$F_{HAgri}$,0.01104318034721248,0.01104318034721248
872,72,$F_{HAgri}$,0.002271488485032684,0.002271488485032684
873,73,$F_{HAgri}$,0.003391622653737829,0.003391622653737829
874,74,$F_{HAgri}$,0.007634379415160995,0.007634379415160995
875,75,$F_{HAgri}$,0.003048202739475946,0.003048202739475946
876,76,$F_{HAgri}$,0.004170216966390733,0.004170216966390733
877,77,$F_{HAgri}$,0.001189725955281046,0.001189725955281046
878,78,$F_{HAgri}$,0.0004669097762185786,0.0004669097762185786
879,79,$F_{HAgri}$,0.0004444935099707127,0.0004444935099707127
880,80,$F_{HAgri}$,0.005871851958816372,0.005871851958816372
881,81,$F_{HAgri}$,0.0058245070476376426,0.0058245070476376426
882,82,$F_{HAgri}$,0.0010582917148697596,0.0010582917148697596
883,83,$F_{HAgri}$,0.0003941391928224727,0.0003941391928224727
884,84,$F_{HAgri}$,0.04520243212329182,0.04520243212329182
885,85,$F_{HAgri}$,0.001201523067765054,0.001201523067765054
886,86,$F_{HAgri}$,0.0009071941205990367,0.0009071941205990367
887,87,$F_{HAgri}$,0.001951939166142644,0.001951939166142644
888,88,$F_{HAgri}$,0.0024821147896533073,0.0024821147896533073
889,89,$F_{HAgri}$,0.0006122454871942912,0.0006122454871942912
890,90,$F_{HAgri}$,0.003155936678950361,0.003155936678950361
891,91,$F_{HAgri}$,0.0064098988508483,0.0064098988508483
892,92,$F_{HAgri}$,0.0026176185809802066,0.0026176185809802066
893,93,$F_{HAgri}$,0.0005646144809204148,0.0005646144809204148
894,94,$F_{HAgri}$,0.0004302729861894813,0.0004302729861894813
895,95,$F_{HAgri}$,0.00010563903690104808,0.00010563903690104808
896,96,$F_{HAgri}$,0.0009587907009641289,0.0009587907009641289
897,97,$F_{HAgri}$,0.0016794358083647091,0.0016794358083647091
898,98,$F_{HAgri}$,0.00022430513752285948,0.00022430513752285948
899,99,$F_{HAgri}$,0.0028787987528743424,0.0028787987528743424
